{ 
	"Sr"  : [17.5663, 1.5564, 9.8184, 14.0988, 5.422, 0.1664, 2.6694, 132.376, 2.5064],
	"Sr2+": [18.0874, 1.4907, 8.1373, 12.6963, 2.5654, 24.5651, -34.193, -0.0138, 41.4025],
	"Ti"  : [9.7595, 7.8508, 7.3558, 0.5, 1.6991, 35.6338, 1.9021, 116.105, 1.2807],
	"Ti2+": [9.11423, 7.5243, 7.62174, 0.457585, 2.2793, 19.5361, 0.087899, 61.6558, 0.897155],
	"Ti3+": [17.7344, 0.22061, 8.73816, 7.04716, 5.25691, -0.15762, 1.92134, 15.9768, -14.652],
    "Ti4+": [19.5114, 0.178847, 8.23473, 6.67018, 2.01341, -0.29263, 1.5208, 12.9464, -13.28],
    "O"   : [3.0485, 13.2771, 2.2868, 5.7011, 1.5463, 0.3239, 0.867, 32.9089, 0.2508],
    "O1-" : [4.1916, 12.8573, 1.63969, 4.17236, 1.52673, 47.0179, -20.307, -0.01404, 21.9412],
	"Ru"  : [19.2674, 0.80852, 12.9182, 8.43467, 4.86337, 24.7997, 1.56756, 94.2928, 5.37874],
    "Ru3+": [18.5638, 0.847329, 13.2885, 8.37164, 9.32602, 0.017662, 3.00964, 22.887, -3.1892],
    "Ru4+": [18.5003, 0.844582, 13.1787, 8.12534, 4.71304, 0.36495, 2.18535, 20.8504, 1.42357],
    "Nd"  : [22.6845, 2.66248, 19.6847, 0.210628, 12.774, 15.885, 2.85137, 137.903, 1.98486],
    "Nd3+": [21.961, 2.52722, 19.9339, 0.199237, 12.12, 14.1783, 1.51031, 30.8717, 1.47588],
    "Ni"  : [12.8376, 3.8785, 7.292, 0.2565, 4.4438, 12.1763, 2.38, 66.3421, 1.0341],
    "Ni2+": [11.4166, 3.6766, 7.4005, 0.2449, 5.3442, 8.873, 0.9773, 22.1626, 0.8614],
    "Ni3+": [10.7806, 3.5477, 7.75868, 0.22314, 5.22746, 7.64468, 0.847114, 16.9673, 0.386044],
    "Ga"  : [15.2354, 3.0669, 6.7006, 0.2412, 4.3591, 10.7805, 2.9623, 61.4135, 1.7189],
    "Ga3+": [12.692, 2.81262, 6.69883, 0.22789, 6.06692, 6.36441, 1.0066, 14.4122, 1.53545]
}